<datapower-configuration version="3">
    <export-details>
        <description>Exported Configuration</description>
        <user>admin</user>
        <domain>apiconnect</domain>
        <comment/>
        <product-id>5725</product-id>
        <product>IDG</product>
        <display-product>IDG</display-product>
        <model>IBM DataPower Gateway</model>
        <display-model>IBM DataPower Gateway</display-model>
        <device-name>9.42.102.125:9090</device-name>
        <serial-number>0000000</serial-number>
        <firmware-version>IDG.10.6.0.0</firmware-version>
        <display-firmware-version>IDG.10.6.0.0</display-firmware-version>
        <firmware-build>main.365031</firmware-build>
        <delivery-type>LTS</delivery-type>
        <firmware-timestamp>2024/06/02 19:26:31</firmware-timestamp>
        <current-date>2024-07-11</current-date>
        <current-time>15:20:56 EDT</current-time>
        <reset-date>2024-06-25</reset-date>
        <reset-time>17:29:36 EDT</reset-time>
        <login-message/>
        <custom-ui-file/>
    </export-details>
    <interface-data>
        <interface name="eth0" type="Ethernet" vers="ipv4" ip-addr="9.42.102.125"/>
    </interface-data>
    <configuration domain="apiconnect">
        <StylePolicyAction name="decrypt-soap-message_1.0.0-set-parameters" xmlns:env="http://www.w3.org/2003/05/soap-envelope" xmlns:dp="http://www.datapower.com/schemas/management">
            <mAdminState>enabled</mAdminState>
            <Type>xform</Type>
            <Input>NULL</Input>
            <Transform>local:///policy/soap-encrypt-decrypt/set-ms-callRuleWrapper-parameters.xsl</Transform>
            <ParseSettingsReference>
                <URL/>
                <Literal/>
                <Default/>
            </ParseSettingsReference>
            <ParseMetricsResultType>none</ParseMetricsResultType>
            <TransformLanguage>none</TransformLanguage>
            <ActionDebug persisted="false">off</ActionDebug>
            <Output>NULL</Output>
            <NoTranscodeUtf8>off</NoTranscodeUtf8>
            <SSLClientConfigType>proxy</SSLClientConfigType>
            <OutputType>default</OutputType>
            <Transactional>off</Transactional>
            <SOAPValidation>body</SOAPValidation>
            <SQLSourceType>static</SQLSourceType>
            <JWSVerifyStripSignature>on</JWSVerifyStripSignature>
            <Asynchronous>off</Asynchronous>
            <ResultsMode>first-available</ResultsMode>
            <RetryCount>0</RetryCount>
            <RetryInterval>1000</RetryInterval>
            <MultipleOutputs>off</MultipleOutputs>
            <IteratorType>XPATH</IteratorType>
            <Timeout>0</Timeout>
            <MethodRewriteType>GET</MethodRewriteType>
            <MethodType>POST</MethodType>
            <MethodType2>POST</MethodType2>
        </StylePolicyAction>
        <StylePolicyAction name="decrypt-soap-message_1.0.0-decrypt" xmlns:env="http://www.w3.org/2003/05/soap-envelope" xmlns:dp="http://www.datapower.com/schemas/management">
            <mAdminState>enabled</mAdminState>
            <Type>xform</Type>
            <Input>INPUT</Input>
            <Transform>store:///decrypt.xsl</Transform>
            <ParseSettingsReference>
                <URL/>
                <Literal/>
                <Default/>
            </ParseSettingsReference>
            <ParseMetricsResultType>none</ParseMetricsResultType>
            <InputLanguage>json</InputLanguage>
            <TransformLanguage>none</TransformLanguage>
            <OutputLanguage>default</OutputLanguage>
            <ActionDebug persisted="false">off</ActionDebug>
            <Output>OUTPUT</Output>
            <NoTranscodeUtf8>off</NoTranscodeUtf8>
            <SSLClientConfigType>proxy</SSLClientConfigType>
            <StylesheetParameters>
                <ParameterName>{http://www.datapower.com/param/config}decryptkey</ParameterName>
                <ParameterValue>var://context/ms-callRuleWrapper/key</ParameterValue>
            </StylesheetParameters>
            <OutputType>default</OutputType>
            <Transactional>off</Transactional>
            <SOAPValidation>body</SOAPValidation>
            <SQLSourceType>static</SQLSourceType>
            <JOSESerializationType>compact</JOSESerializationType>
            <JWEEncAlgorithm>A128CBC-HS256</JWEEncAlgorithm>
            <JOSEVerifyType>identifiers</JOSEVerifyType>
            <JOSEDecryptType>identifiers</JOSEDecryptType>
            <JWSVerifyStripSignature>on</JWSVerifyStripSignature>
            <Asynchronous>off</Asynchronous>
            <ResultsMode>first-available</ResultsMode>
            <RetryCount>0</RetryCount>
            <RetryInterval>1000</RetryInterval>
            <MultipleOutputs>off</MultipleOutputs>
            <IteratorType>XPATH</IteratorType>
            <Timeout>0</Timeout>
            <MethodRewriteType>GET</MethodRewriteType>
            <MethodType>POST</MethodType>
            <MethodType2>POST</MethodType2>
        </StylePolicyAction>
        <StylePolicyRule name="decrypt-soap-message_1.0.0" xmlns:env="http://www.w3.org/2003/05/soap-envelope" xmlns:dp="http://www.datapower.com/schemas/management">
            <mAdminState>enabled</mAdminState>
            <Actions class="StylePolicyAction">decrypt-soap-message_1.0.0-set-parameters</Actions>
            <Actions class="StylePolicyAction">decrypt-soap-message_1.0.0-decrypt</Actions>
            <Direction>rule</Direction>
            <InputFormat>none</InputFormat>
            <OutputFormat>none</OutputFormat>
            <NonXMLProcessing>off</NonXMLProcessing>
            <Unprocessed>off</Unprocessed>
        </StylePolicyRule>
        <StylePolicyAction name="encrypt-soap-message_1.0.0-set-parameters" xmlns:env="http://www.w3.org/2003/05/soap-envelope" xmlns:dp="http://www.datapower.com/schemas/management">
            <mAdminState>enabled</mAdminState>
            <Type>xform</Type>
            <Input>NULL</Input>
            <Transform>local:///policy/soap-encrypt-decrypt/set-ms-callRuleWrapper-parameters.xsl</Transform>
            <ParseSettingsReference>
                <URL/>
                <Literal/>
                <Default/>
            </ParseSettingsReference>
            <ParseMetricsResultType>none</ParseMetricsResultType>
            <TransformLanguage>none</TransformLanguage>
            <ActionDebug persisted="false">off</ActionDebug>
            <Output>NULL</Output>
            <NoTranscodeUtf8>off</NoTranscodeUtf8>
            <SSLClientConfigType>proxy</SSLClientConfigType>
            <OutputType>default</OutputType>
            <Transactional>off</Transactional>
            <SOAPValidation>body</SOAPValidation>
            <SQLSourceType>static</SQLSourceType>
            <JWSVerifyStripSignature>on</JWSVerifyStripSignature>
            <Asynchronous>off</Asynchronous>
            <ResultsMode>first-available</ResultsMode>
            <RetryCount>0</RetryCount>
            <RetryInterval>1000</RetryInterval>
            <MultipleOutputs>off</MultipleOutputs>
            <IteratorType>XPATH</IteratorType>
            <Timeout>0</Timeout>
            <MethodRewriteType>GET</MethodRewriteType>
            <MethodType>POST</MethodType>
            <MethodType2>POST</MethodType2>
        </StylePolicyAction>
        <StylePolicyAction name="encrypt-soap-message_1.0.0-encrypt" xmlns:env="http://www.w3.org/2003/05/soap-envelope" xmlns:dp="http://www.datapower.com/schemas/management">
            <mAdminState>enabled</mAdminState>
            <Type>xform</Type>
            <Input>INPUT</Input>
            <Transform>store:///encrypt-wssec.xsl</Transform>
            <ParseSettingsReference>
                <URL/>
                <Literal/>
                <Default/>
            </ParseSettingsReference>
            <ParseMetricsResultType>none</ParseMetricsResultType>
            <TransformLanguage>none</TransformLanguage>
            <ActionDebug persisted="false">off</ActionDebug>
            <Output>OUTPUT</Output>
            <NoTranscodeUtf8>off</NoTranscodeUtf8>
            <SSLClientConfigType>proxy</SSLClientConfigType>
            <StylesheetParameters>
                <ParameterName>{http://www.datapower.com/param/config}recipient</ParameterName>
                <ParameterValue>var://context/ms-callRuleWrapper/certificate</ParameterValue>
            </StylesheetParameters>
            <OutputType>default</OutputType>
            <Transactional>off</Transactional>
            <SOAPValidation>body</SOAPValidation>
            <SQLSourceType>static</SQLSourceType>
            <JWSVerifyStripSignature>on</JWSVerifyStripSignature>
            <Asynchronous>off</Asynchronous>
            <ResultsMode>first-available</ResultsMode>
            <RetryCount>0</RetryCount>
            <RetryInterval>1000</RetryInterval>
            <MultipleOutputs>off</MultipleOutputs>
            <IteratorType>XPATH</IteratorType>
            <Timeout>0</Timeout>
            <MethodRewriteType>GET</MethodRewriteType>
            <MethodType>POST</MethodType>
            <MethodType2>POST</MethodType2>
        </StylePolicyAction>
        <StylePolicyRule name="encrypt-soap-message_1.0.0" xmlns:env="http://www.w3.org/2003/05/soap-envelope" xmlns:dp="http://www.datapower.com/schemas/management">
            <mAdminState>enabled</mAdminState>
            <Actions class="StylePolicyAction">encrypt-soap-message_1.0.0-set-parameters</Actions>
            <Actions class="StylePolicyAction">encrypt-soap-message_1.0.0-encrypt</Actions>
            <Direction>rule</Direction>
            <InputFormat>none</InputFormat>
            <OutputFormat>none</OutputFormat>
            <NonXMLProcessing>off</NonXMLProcessing>
            <Unprocessed>off</Unprocessed>
        </StylePolicyRule>
    </configuration>
    <files>
        <file name="local:///policy/soap-encrypt-decrypt/set-ms-callRuleWrapper-parameters.xsl" src="local/policy/soap-encrypt-decrypt/set-ms-callRuleWrapper-parameters.xsl" location="local" hash="ICCiEhJIYh4EpPF8CcKiuFDIEcM="/>
    </files>
</datapower-configuration>