<datapower-configuration version="3">
    <export-details>
        <description>Exported Configuration</description>
        <user>admin</user>
        <domain>apiconnect</domain>
        <comment/>
        <product-id>5725</product-id>
        <product>IDG</product>
        <display-product>IDG</display-product>
        <model>IBM DataPower Gateway</model>
        <display-model>IBM DataPower Gateway</display-model>
        <device-name>9.42.102.125:9090</device-name>
        <serial-number>0000000</serial-number>
        <firmware-version>IDG.10.5.4.0</firmware-version>
        <display-firmware-version>IDG.10.5.4.0</display-firmware-version>
        <firmware-build>main.361984</firmware-build>
        <delivery-type>CD</delivery-type>
        <firmware-timestamp>2024/02/15 00:31:42</firmware-timestamp>
        <current-date>2024-02-15</current-date>
        <current-time>15:26:32 EST</current-time>
        <reset-date>2024-02-15</reset-date>
        <reset-time>09:41:20 EST</reset-time>
        <login-message/>
        <custom-ui-file/>
    </export-details>
    <interface-data>
        <interface name="eth0" type="Ethernet" vers="ipv4" ip-addr="9.42.102.125"/>
    </interface-data>
    <configuration domain="apiconnect">
        <StylePolicyAction name="hello-world_1.0.0_xform_0" xmlns:env="http://www.w3.org/2003/05/soap-envelope" xmlns:dp="http://www.datapower.com/schemas/management">
            <mAdminState>enabled</mAdminState>
            <Type>xform</Type>
            <Input>NULL</Input>
            <Transform>local:///helloworld.xsl</Transform>
            <ParseSettingsReference>
                <URL/>
                <Literal/>
                <Default/>
            </ParseSettingsReference>
            <ParseMetricsResultType>none</ParseMetricsResultType>
            <TransformLanguage>none</TransformLanguage>
            <ActionDebug persisted="false">off</ActionDebug>
            <Output>OUTPUT</Output>
            <NoTranscodeUtf8>off</NoTranscodeUtf8>
            <SSLClientConfigType>proxy</SSLClientConfigType>
            <OutputType>default</OutputType>
            <Transactional>off</Transactional>
            <SOAPValidation>body</SOAPValidation>
            <SQLSourceType>static</SQLSourceType>
            <JWSVerifyStripSignature>on</JWSVerifyStripSignature>
            <Asynchronous>off</Asynchronous>
            <ResultsMode>first-available</ResultsMode>
            <RetryCount>0</RetryCount>
            <RetryInterval>1000</RetryInterval>
            <MultipleOutputs>off</MultipleOutputs>
            <IteratorType>XPATH</IteratorType>
            <Timeout>0</Timeout>
            <MethodRewriteType>GET</MethodRewriteType>
            <MethodType>POST</MethodType>
            <MethodType2>POST</MethodType2>
        </StylePolicyAction>
        <StylePolicyRule name="hello-world_1.0.0" xmlns:env="http://www.w3.org/2003/05/soap-envelope" xmlns:dp="http://www.datapower.com/schemas/management">
            <mAdminState>enabled</mAdminState>
            <Actions class="StylePolicyAction">hello-world_1.0.0_xform_0</Actions>
            <Direction>rule</Direction>
            <InputFormat>none</InputFormat>
            <OutputFormat>none</OutputFormat>
            <NonXMLProcessing>off</NonXMLProcessing>
            <Unprocessed>off</Unprocessed>
        </StylePolicyRule>
    </configuration>
    <files>
        <file name="local:///helloworld.xsl" src="local/helloworld.xsl" location="local" hash="h3Yn4sMSA3J4e4hRf4zEWWnBqe0="/>
    </files>
</datapower-configuration>