<datapower-configuration version="3">
    <export-details>
        <description>Exported Configuration</description>
        <user>admin</user>
        <domain>UDP-Development</domain>
        <comment/>
        <product-id>5725</product-id>
        <product>IDG</product>
        <display-product>IDG</display-product>
        <model>IBM DataPower Gateway</model>
        <display-model>IBM DataPower Gateway</display-model>
        <device-name>192.168.199.75:9090</device-name>
        <serial-number>0000000</serial-number>
        <firmware-version>IDG.10.0.1.13</firmware-version>
        <display-firmware-version>IDG.10.0.1.13</display-firmware-version>
        <firmware-build>rel-10-0-1-branch.350725</firmware-build>
        <delivery-type>LTS</delivery-type>
        <firmware-timestamp>2023/04/07 12:26:46</firmware-timestamp>
        <current-date>2023-05-05</current-date>
        <current-time>02:48:23 EDT</current-time>
        <reset-date>2023-04-24</reset-date>
        <reset-time>09:17:56 EDT</reset-time>
        <login-message/>
        <custom-ui-file/>
    </export-details>
    <interface-data>
        <interface name="eth1" type="Ethernet" vers="ipv4" ip-addr="192.168.199.75"/>
    </interface-data>
    <configuration domain="UDP-Development">
        <StylePolicyAction name="pkcs7-encrypt-policy_2.0.0-set-parameters" xmlns:env="http://www.w3.org/2003/05/soap-envelope" xmlns:dp="http://www.datapower.com/schemas/management">
            <mAdminState>enabled</mAdminState>
            <Type>xform</Type>
            <Input>NULL</Input>
            <Transform>local:///policy/pkcs7-called-rules/set-ms-callRuleWrapper-parameters.xsl</Transform>
            <ParseSettingsReference>
                <URL/>
                <Literal/>
                <Default/>
            </ParseSettingsReference>
            <ParseMetricsResultType>none</ParseMetricsResultType>
            <TransformLanguage>none</TransformLanguage>
            <ActionDebug persisted="false">off</ActionDebug>
            <Output>NULL</Output>
            <NoTranscodeUtf8>off</NoTranscodeUtf8>
            <SSLClientConfigType>proxy</SSLClientConfigType>
            <OutputType>default</OutputType>
            <Transactional>off</Transactional>
            <SOAPValidation>body</SOAPValidation>
            <SQLSourceType>static</SQLSourceType>
            <JWSVerifyStripSignature>on</JWSVerifyStripSignature>
            <Asynchronous>off</Asynchronous>
            <ResultsMode>first-available</ResultsMode>
            <RetryCount>0</RetryCount>
            <RetryInterval>1000</RetryInterval>
            <MultipleOutputs>off</MultipleOutputs>
            <IteratorType>XPATH</IteratorType>
            <Timeout>0</Timeout>
            <MethodRewriteType>GET</MethodRewriteType>
            <MethodType>POST</MethodType>
            <MethodType2>POST</MethodType2>
        </StylePolicyAction>
        <StylePolicyAction name="pkcs7-encrypt-policy_2.0.0-cryptobin" xmlns:env="http://www.w3.org/2003/05/soap-envelope" xmlns:dp="http://www.datapower.com/schemas/management">
            <mAdminState>enabled</mAdminState>
            <Type>cryptobin</Type>
            <Input>INPUT</Input>
            <Transform>store:///pkcs7-encrypt.xsl</Transform>
            <ParseSettingsReference>
                <URL/>
                <Literal/>
                <Default/>
            </ParseSettingsReference>
            <ParseMetricsResultType>none</ParseMetricsResultType>
            <InputLanguage>json</InputLanguage>
            <TransformLanguage>none</TransformLanguage>
            <OutputLanguage>default</OutputLanguage>
            <ActionDebug persisted="false">off</ActionDebug>
            <Output>OUTPUT</Output>
            <NoTranscodeUtf8>off</NoTranscodeUtf8>
            <SSLClientConfigType>proxy</SSLClientConfigType>
            <StylesheetParameters>
                <ParameterName>{http://www.datapower.com/param/config}algorithm</ParameterName>
                <ParameterValue>var://context/CryptoBinary/algorithm</ParameterValue>
            </StylesheetParameters>
            <StylesheetParameters>
                <ParameterName>{http://www.datapower.com/param/config}binary-data</ParameterName>
                <ParameterValue>var://context/CryptoBinary/binary-data</ParameterValue>
            </StylesheetParameters>
            <StylesheetParameters>
                <ParameterName>{http://www.datapower.com/param/config}input-encoding</ParameterName>
                <ParameterValue>var://context/CryptoBinary/input-encoding</ParameterValue>
            </StylesheetParameters>
            <StylesheetParameters>
                <ParameterName>{http://www.datapower.com/param/config}output-encoding</ParameterName>
                <ParameterValue>var://context/CryptoBinary/output-encoding</ParameterValue>
            </StylesheetParameters>
            <StylesheetParameters>
                <ParameterName>{http://www.datapower.com/param/config}recipients</ParameterName>
                <ParameterValue>var://context/CryptoBinary/recipients</ParameterValue>
            </StylesheetParameters>
            <OutputType>default</OutputType>
            <Transactional>off</Transactional>
            <SOAPValidation>body</SOAPValidation>
            <SQLSourceType>static</SQLSourceType>
            <JOSESerializationType>compact</JOSESerializationType>
            <JWEEncAlgorithm>A128CBC-HS256</JWEEncAlgorithm>
            <JOSEVerifyType>identifiers</JOSEVerifyType>
            <JOSEDecryptType>identifiers</JOSEDecryptType>
            <JWSVerifyStripSignature>on</JWSVerifyStripSignature>
            <Asynchronous>off</Asynchronous>
            <ResultsMode>first-available</ResultsMode>
            <RetryCount>0</RetryCount>
            <RetryInterval>1000</RetryInterval>
            <MultipleOutputs>off</MultipleOutputs>
            <IteratorType>XPATH</IteratorType>
            <Timeout>0</Timeout>
            <MethodRewriteType>GET</MethodRewriteType>
            <MethodType>POST</MethodType>
            <MethodType2>POST</MethodType2>
        </StylePolicyAction>
        <StylePolicyRule name="pkcs7-encrypt-policy_2.0.0" xmlns:env="http://www.w3.org/2003/05/soap-envelope" xmlns:dp="http://www.datapower.com/schemas/management">
            <mAdminState>enabled</mAdminState>
            <Actions class="StylePolicyAction">pkcs7-encrypt-policy_2.0.0-set-parameters</Actions>
            <Actions class="StylePolicyAction">pkcs7-encrypt-policy_2.0.0-cryptobin</Actions>
            <Direction>request-rule</Direction>
            <InputFormat>none</InputFormat>
            <OutputFormat>none</OutputFormat>
            <NonXMLProcessing>off</NonXMLProcessing>
            <Unprocessed>off</Unprocessed>
        </StylePolicyRule>
        <StylePolicyAction name="pkcs7-decrypt-policy_2.0.0-set-parameters" xmlns:env="http://www.w3.org/2003/05/soap-envelope" xmlns:dp="http://www.datapower.com/schemas/management">
            <mAdminState>enabled</mAdminState>
            <Type>xform</Type>
            <Input>NULL</Input>
            <Transform>local:///policy/pkcs7-called-rules/set-ms-callRuleWrapper-parameters.xsl</Transform>
            <ParseSettingsReference>
                <URL/>
                <Literal/>
                <Default/>
            </ParseSettingsReference>
            <ParseMetricsResultType>none</ParseMetricsResultType>
            <TransformLanguage>none</TransformLanguage>
            <ActionDebug persisted="false">off</ActionDebug>
            <Output>NULL</Output>
            <NoTranscodeUtf8>off</NoTranscodeUtf8>
            <SSLClientConfigType>proxy</SSLClientConfigType>
            <OutputType>default</OutputType>
            <Transactional>off</Transactional>
            <SOAPValidation>body</SOAPValidation>
            <SQLSourceType>static</SQLSourceType>
            <JWSVerifyStripSignature>on</JWSVerifyStripSignature>
            <Asynchronous>off</Asynchronous>
            <ResultsMode>first-available</ResultsMode>
            <RetryCount>0</RetryCount>
            <RetryInterval>1000</RetryInterval>
            <MultipleOutputs>off</MultipleOutputs>
            <IteratorType>XPATH</IteratorType>
            <Timeout>0</Timeout>
            <MethodRewriteType>GET</MethodRewriteType>
            <MethodType>POST</MethodType>
            <MethodType2>POST</MethodType2>
        </StylePolicyAction>
        <StylePolicyAction name="pkcs7-decrypt-policy_2.0.0-cryptobin" xmlns:env="http://www.w3.org/2003/05/soap-envelope" xmlns:dp="http://www.datapower.com/schemas/management">
            <mAdminState>enabled</mAdminState>
            <Type>cryptobin</Type>
            <Input>INPUT</Input>
            <Transform>store:///pkcs7-decrypt.xsl</Transform>
            <ParseSettingsReference>
                <URL/>
                <Literal/>
                <Default/>
            </ParseSettingsReference>
            <ParseMetricsResultType>none</ParseMetricsResultType>
            <InputLanguage>json</InputLanguage>
            <TransformLanguage>none</TransformLanguage>
            <OutputLanguage>default</OutputLanguage>
            <ActionDebug persisted="false">off</ActionDebug>
            <Output>OUTPUT</Output>
            <NoTranscodeUtf8>off</NoTranscodeUtf8>
            <SSLClientConfigType>proxy</SSLClientConfigType>
            <StylesheetParameters>
                <ParameterName>{http://www.datapower.com/param/config}input-encoding</ParameterName>
                <ParameterValue>var://context/CryptoBinary/input-encoding</ParameterValue>
            </StylesheetParameters>
            <StylesheetParameters>
                <ParameterName>{http://www.datapower.com/param/config}output-encoding</ParameterName>
                <ParameterValue>var://context/CryptoBinary/output-encoding</ParameterValue>
            </StylesheetParameters>
            <StylesheetParameters>
                <ParameterName>{http://www.datapower.com/param/config}recipients</ParameterName>
                <ParameterValue>var://context/CryptoBinary/recipients</ParameterValue>
            </StylesheetParameters>
            <OutputType>default</OutputType>
            <Transactional>off</Transactional>
            <SOAPValidation>body</SOAPValidation>
            <SQLSourceType>static</SQLSourceType>
            <JOSESerializationType>compact</JOSESerializationType>
            <JWEEncAlgorithm>A128CBC-HS256</JWEEncAlgorithm>
            <JOSEVerifyType>identifiers</JOSEVerifyType>
            <JOSEDecryptType>identifiers</JOSEDecryptType>
            <JWSVerifyStripSignature>on</JWSVerifyStripSignature>
            <Asynchronous>off</Asynchronous>
            <ResultsMode>first-available</ResultsMode>
            <RetryCount>0</RetryCount>
            <RetryInterval>1000</RetryInterval>
            <MultipleOutputs>off</MultipleOutputs>
            <IteratorType>XPATH</IteratorType>
            <Timeout>0</Timeout>
            <MethodRewriteType>GET</MethodRewriteType>
            <MethodType>POST</MethodType>
            <MethodType2>POST</MethodType2>
        </StylePolicyAction>
        <StylePolicyRule name="pkcs7-decrypt-policy_2.0.0" xmlns:env="http://www.w3.org/2003/05/soap-envelope" xmlns:dp="http://www.datapower.com/schemas/management">
            <mAdminState>enabled</mAdminState>
            <Actions class="StylePolicyAction">pkcs7-decrypt-policy_2.0.0-set-parameters</Actions>
            <Actions class="StylePolicyAction">pkcs7-decrypt-policy_2.0.0-cryptobin</Actions>
            <Direction>request-rule</Direction>
            <InputFormat>none</InputFormat>
            <OutputFormat>none</OutputFormat>
            <NonXMLProcessing>off</NonXMLProcessing>
            <Unprocessed>off</Unprocessed>
        </StylePolicyRule>
        <StylePolicyAction name="pkcs7-sign-policy_2.0.0-set-parameters" xmlns:env="http://www.w3.org/2003/05/soap-envelope" xmlns:dp="http://www.datapower.com/schemas/management">
            <mAdminState>enabled</mAdminState>
            <Type>xform</Type>
            <Input>NULL</Input>
            <Transform>local:///policy/pkcs7-called-rules/set-ms-callRuleWrapper-parameters.xsl</Transform>
            <ParseSettingsReference>
                <URL/>
                <Literal/>
                <Default/>
            </ParseSettingsReference>
            <ParseMetricsResultType>none</ParseMetricsResultType>
            <TransformLanguage>none</TransformLanguage>
            <ActionDebug persisted="false">off</ActionDebug>
            <Output>NULL</Output>
            <NoTranscodeUtf8>off</NoTranscodeUtf8>
            <SSLClientConfigType>proxy</SSLClientConfigType>
            <OutputType>default</OutputType>
            <Transactional>off</Transactional>
            <SOAPValidation>body</SOAPValidation>
            <SQLSourceType>static</SQLSourceType>
            <JWSVerifyStripSignature>on</JWSVerifyStripSignature>
            <Asynchronous>off</Asynchronous>
            <ResultsMode>first-available</ResultsMode>
            <RetryCount>0</RetryCount>
            <RetryInterval>1000</RetryInterval>
            <MultipleOutputs>off</MultipleOutputs>
            <IteratorType>XPATH</IteratorType>
            <Timeout>0</Timeout>
            <MethodRewriteType>GET</MethodRewriteType>
            <MethodType>POST</MethodType>
            <MethodType2>POST</MethodType2>
        </StylePolicyAction>
        <StylePolicyAction name="pkcs7-sign-policy_2.0.0-cryptobin" xmlns:env="http://www.w3.org/2003/05/soap-envelope" xmlns:dp="http://www.datapower.com/schemas/management">
            <mAdminState>enabled</mAdminState>
            <Type>cryptobin</Type>
            <Input>INPUT</Input>
            <Transform>store:///pkcs7-sign.xsl</Transform>
            <ParseSettingsReference>
                <URL/>
                <Literal/>
                <Default/>
            </ParseSettingsReference>
            <ParseMetricsResultType>none</ParseMetricsResultType>
            <InputLanguage>json</InputLanguage>
            <TransformLanguage>none</TransformLanguage>
            <OutputLanguage>default</OutputLanguage>
            <ActionDebug persisted="false">off</ActionDebug>
            <Output>OUTPUT</Output>
            <NoTranscodeUtf8>off</NoTranscodeUtf8>
            <SSLClientConfigType>proxy</SSLClientConfigType>
            <StylesheetParameters>
                <ParameterName>{http://www.datapower.com/param/config}algorithm</ParameterName>
                <ParameterValue>var://context/CryptoBinary/algorithm</ParameterValue>
            </StylesheetParameters>
            <StylesheetParameters>
                <ParameterName>{http://www.datapower.com/param/config}binary-data</ParameterName>
                <ParameterValue>var://context/CryptoBinary/binary-data</ParameterValue>
            </StylesheetParameters>
            <StylesheetParameters>
                <ParameterName>{http://www.datapower.com/param/config}input-encoding</ParameterName>
                <ParameterValue>var://context/CryptoBinary/input-encoding</ParameterValue>
            </StylesheetParameters>
            <StylesheetParameters>
                <ParameterName>{http://www.datapower.com/param/config}output-encoding</ParameterName>
                <ParameterValue>var://context/CryptoBinary/output-encoding</ParameterValue>
            </StylesheetParameters>
            <StylesheetParameters>
                <ParameterName>{http://www.datapower.com/param/config}signers</ParameterName>
                <ParameterValue>var://context/CryptoBinary/signers</ParameterValue>
            </StylesheetParameters>
            <OutputType>default</OutputType>
            <Transactional>off</Transactional>
            <SOAPValidation>body</SOAPValidation>
            <SQLSourceType>static</SQLSourceType>
            <JOSESerializationType>compact</JOSESerializationType>
            <JWEEncAlgorithm>A128CBC-HS256</JWEEncAlgorithm>
            <JOSEVerifyType>identifiers</JOSEVerifyType>
            <JOSEDecryptType>identifiers</JOSEDecryptType>
            <JWSVerifyStripSignature>on</JWSVerifyStripSignature>
            <Asynchronous>off</Asynchronous>
            <ResultsMode>first-available</ResultsMode>
            <RetryCount>0</RetryCount>
            <RetryInterval>1000</RetryInterval>
            <MultipleOutputs>off</MultipleOutputs>
            <IteratorType>XPATH</IteratorType>
            <Timeout>0</Timeout>
            <MethodRewriteType>GET</MethodRewriteType>
            <MethodType>POST</MethodType>
            <MethodType2>POST</MethodType2>
        </StylePolicyAction>
        <StylePolicyRule name="pkcs7-sign-policy_2.0.0" xmlns:env="http://www.w3.org/2003/05/soap-envelope" xmlns:dp="http://www.datapower.com/schemas/management">
            <mAdminState>enabled</mAdminState>
            <Actions class="StylePolicyAction">pkcs7-sign-policy_2.0.0-set-parameters</Actions>
            <Actions class="StylePolicyAction">pkcs7-sign-policy_2.0.0-cryptobin</Actions>
            <Direction>request-rule</Direction>
            <InputFormat>none</InputFormat>
            <OutputFormat>none</OutputFormat>
            <NonXMLProcessing>off</NonXMLProcessing>
            <Unprocessed>off</Unprocessed>
        </StylePolicyRule>
        <StylePolicyAction name="pkcs7-verify-policy_2.0.0-set-parameters" xmlns:env="http://www.w3.org/2003/05/soap-envelope" xmlns:dp="http://www.datapower.com/schemas/management">
            <mAdminState>enabled</mAdminState>
            <Type>xform</Type>
            <Input>NULL</Input>
            <Transform>local:///policy/pkcs7-called-rules/set-ms-callRuleWrapper-parameters.xsl</Transform>
            <ParseSettingsReference>
                <URL/>
                <Literal/>
                <Default/>
            </ParseSettingsReference>
            <ParseMetricsResultType>none</ParseMetricsResultType>
            <TransformLanguage>none</TransformLanguage>
            <ActionDebug persisted="false">off</ActionDebug>
            <Output>NULL</Output>
            <NoTranscodeUtf8>off</NoTranscodeUtf8>
            <SSLClientConfigType>proxy</SSLClientConfigType>
            <OutputType>default</OutputType>
            <Transactional>off</Transactional>
            <SOAPValidation>body</SOAPValidation>
            <SQLSourceType>static</SQLSourceType>
            <JWSVerifyStripSignature>on</JWSVerifyStripSignature>
            <Asynchronous>off</Asynchronous>
            <ResultsMode>first-available</ResultsMode>
            <RetryCount>0</RetryCount>
            <RetryInterval>1000</RetryInterval>
            <MultipleOutputs>off</MultipleOutputs>
            <IteratorType>XPATH</IteratorType>
            <Timeout>0</Timeout>
            <MethodRewriteType>GET</MethodRewriteType>
            <MethodType>POST</MethodType>
            <MethodType2>POST</MethodType2>
        </StylePolicyAction>
        <StylePolicyAction name="pkcs7-verify-policy_2.0.0-cryptobin" xmlns:env="http://www.w3.org/2003/05/soap-envelope" xmlns:dp="http://www.datapower.com/schemas/management">
            <mAdminState>enabled</mAdminState>
            <Type>cryptobin</Type>
            <Input>INPUT</Input>
            <Transform>store:///pkcs7-verify.xsl</Transform>
            <ParseSettingsReference>
                <URL/>
                <Literal/>
                <Default/>
            </ParseSettingsReference>
            <ParseMetricsResultType>none</ParseMetricsResultType>
            <InputLanguage>json</InputLanguage>
            <TransformLanguage>none</TransformLanguage>
            <OutputLanguage>default</OutputLanguage>
            <ActionDebug persisted="false">off</ActionDebug>
            <Output>OUTPUT</Output>
            <NoTranscodeUtf8>off</NoTranscodeUtf8>
            <SSLClientConfigType>proxy</SSLClientConfigType>
            <StylesheetParameters>
                <ParameterName>{http://www.datapower.com/param/config}input-encoding</ParameterName>
                <ParameterValue>var://context/CryptoBinary/input-encoding</ParameterValue>
            </StylesheetParameters>
            <StylesheetParameters>
                <ParameterName>{http://www.datapower.com/param/config}output-encoding</ParameterName>
                <ParameterValue>var://context/CryptoBinary/output-encoding</ParameterValue>
            </StylesheetParameters>
            <StylesheetParameters>
                <ParameterName>{http://www.datapower.com/param/config}valcred</ParameterName>
                <ParameterValue>var://context/CryptoBinary/valcred</ParameterValue>
            </StylesheetParameters>
            <OutputType>default</OutputType>
            <Transactional>off</Transactional>
            <SOAPValidation>body</SOAPValidation>
            <SQLSourceType>static</SQLSourceType>
            <JOSESerializationType>compact</JOSESerializationType>
            <JWEEncAlgorithm>A128CBC-HS256</JWEEncAlgorithm>
            <JOSEVerifyType>identifiers</JOSEVerifyType>
            <JOSEDecryptType>identifiers</JOSEDecryptType>
            <JWSVerifyStripSignature>on</JWSVerifyStripSignature>
            <Asynchronous>off</Asynchronous>
            <ResultsMode>first-available</ResultsMode>
            <RetryCount>0</RetryCount>
            <RetryInterval>1000</RetryInterval>
            <MultipleOutputs>off</MultipleOutputs>
            <IteratorType>XPATH</IteratorType>
            <Timeout>0</Timeout>
            <MethodRewriteType>GET</MethodRewriteType>
            <MethodType>POST</MethodType>
            <MethodType2>POST</MethodType2>
        </StylePolicyAction>
        <StylePolicyRule name="pkcs7-verify-policy_2.0.0" xmlns:env="http://www.w3.org/2003/05/soap-envelope" xmlns:dp="http://www.datapower.com/schemas/management">
            <mAdminState>enabled</mAdminState>
            <Actions class="StylePolicyAction">pkcs7-verify-policy_2.0.0-set-parameters</Actions>
            <Actions class="StylePolicyAction">pkcs7-verify-policy_2.0.0-cryptobin</Actions>
            <Direction>request-rule</Direction>
            <InputFormat>none</InputFormat>
            <OutputFormat>none</OutputFormat>
            <NonXMLProcessing>off</NonXMLProcessing>
            <Unprocessed>off</Unprocessed>
        </StylePolicyRule>
    </configuration>
    <files>
        <file name="local:///policy/pkcs7-called-rules/set-ms-callRuleWrapper-parameters.xsl" src="local/policy/pkcs7-called-rules/set-ms-callRuleWrapper-parameters.xsl" location="local" hash="pyjZvvkV1rR/jlFWzg1CwyRHcgg="/>
    </files>
</datapower-configuration>